<?xml version="1.0" encoding="UTF-8" standalone="yes"?>
<addon id="repository.SubAt0micDuck" name="SubAt0micDuck Repository" version="1.0" provider-name="SubAtomicDuck">
	<extension point="xbmc.addon.repository" name="SubAt0micDuck Repository">
		<info compressed="false">https://github.com/SubAt0micDuck/Repo/addons.xml</info>
		<checksum>https://github.com/SubAt0micDuck/Repo/addons.xml.md5</checksum>
		<datadir zip="true">https://github.com/SubAt0micDuck/Repo/</datadir>
	</extension>
	<extension point="xbmc.addon.metadata">
		<summary>Home of Hybrid Dev Fork</summary>
		<description>Visit www.noobsandnerds.com and become a part of our great family, you get to choose what The Community Portal holds!</description>
		<platform>all</platform>
	</extension>
</addon>
